codice_sede,nome_sede_canonico
1,TAR LAZIO - LATINA
2,CdS GIURISDIZIONALE - ROMA
3,TAR LAZIO - ROMA
4,TAR ABRUZZO - L'AQUILA
5,TAR ABRUZZO - PESCARA
6,TAR TRENTINO ALTO ADIGE - BOLZANO
7,TAR BASILICATA - POTENZA
8,TAR CALABRIA - CATANZARO
9,TAR CALABRIA - REGGIO CALABRIA
10,TAR CAMPANIA - NAPOLI
11,TAR CAMPANIA - SALERNO
12,TAR EMILIA-ROMAGNA - BOLOGNA
13,TAR EMILIA-ROMAGNA - PARMA
14,TAR FRIULI VENEZIA GIULIA - TRIESTE
15,TAR LIGURIA - GENOVA
16,TAR LOMBARDIA - MILANO
17,TAR LOMBARDIA - BRESCIA
18,TAR MARCHE - ANCONA
19,TAR MOLISE - CAMPOBASSO
20,TAR PIEMONTE - TORINO
21,TAR PUGLIA - BARI
22,TAR PUGLIA - LECCE
23,TAR SARDEGNA - CAGLIARI
24,TAR SICILIA - PALERMO
25,TAR SICILIA - CATANIA
26,TAR TOSCANA - FIRENZE
27,TAR TRENTINO ALTO ADIGE - TRENTO
28,TAR UMBRIA - PERUGIA
29,TAR VALLE D'AOSTA - AOSTA
30,TAR VENETO - VENEZIA
31,CdS CONSULTIVE - ROMA
32,CGA GIURISDIZIONALE - PALERMO
33,CGA CONSULTIVE - PALERMO
